chrom,start,end,ref,alt,qual,ABX,gene_start,gene_end,strand,gene,locus_tag,AA change
NZ_CP155539.1,713637,713638,C,A,,CIP,713480,714925,-,,ABC806_RS03775,A430S
NZ_CP155539.1,1006733,1006734,C,"A,T",,CIP,1006493,1008961,+,gyrA,ABC806_RS05265,"S81Y, S81F"
NZ_CP155539.1,1355418,1355419,G,"T,A,C",,CIP,1353183,1355654,-,parC,ABC806_RS07030,"S79Y, S79F, S79C"
NZ_CP155539.1,54632,54633,C,A,,KAN,54018,54998,-,dusB,ABC806_RS00280,W122C
NZ_CP155539.1,410048,410049,A,C,,KAN,409791,410618,-,,ABC806_RS02260,T190T
NZ_CP155539.1,648147,648148,T,C,,KAN,647925,648890,+,,ABC806_RS03415,V75A
NZ_CP155539.1,713637,713638,C,A,,KAN,713480,714925,-,,ABC806_RS03775,A430S
NZ_CP155539.1,1403007,1403008,T,G,,KAN,1402394,1403728,-,ciaH,ABC806_RS07265,T241P
NZ_CP155539.1,1955003,1955004,C,T,,KAN,1954988,1955524,-,rplF,ABC806_RS09995,G174D
NZ_CP155539.1,2026741,2026742,G,"T,A",,KAN,2025925,2026935,-,tsaD,ABC806_RS10420,"A65E, A65V"
NZ_CP155539.1,38577,38578,C,A,,PEN,36822,38795,+,,ABC806_RS00205,A586E
NZ_CP155539.1,713637,713638,C,A,,PEN,713480,714925,-,,ABC806_RS03775,A430S
NZ_CP155539.1,876066,876067,T,C,,PEN,875416,877140,+,,ABC806_RS04600,F218L
NZ_CP155539.1,949274,949275,CT,C,,PEN,948487,949296,-,,ABC806_RS04990,Frameshift
NZ_CP155539.1,1450247,1450248,G,A,,PEN,1449646,1450275,-,upp,ABC806_RS07530,P10S
NZ_CP155539.1,1832114,1832115,G,A,,PEN,1831718,1832353,-,cps4E,ABC806_RS09395,P80L
NZ_CP155539.1,1847706,1847707,T,G,,PEN,1847211,1849463,-,pbp2X,ABC806_RS09465,Y586S
NZ_CP155539.1,2026741,2026742,G,"T,A",,PEN,2025925,2026935,-,tsaD,ABC806_RS10420,"A65E, A65V"
NZ_CP155539.1,41080,41081,G,A,,RIF,40997,42343,+,cbpD,ABC806_RS00225,G29R
NZ_CP155539.1,72331,72332,TC,T,,RIF,72105,73373,+,dltD,ABC806_RS00365,Frameshift
NZ_CP155539.1,226057,226058,T,G,,RIF,225596,226687,+,ulaG,ABC806_RS01170,W155G
NZ_CP155539.1,295258,295259,T,G,,RIF,293839,297450,+,rpoB,ABC806_RS01580,F474C
NZ_CP155539.1,295433,295434,C,G,,RIF,293839,297450,+,rpoB,ABC806_RS01580,I532M
NZ_CP155539.1,1497243,1497244,G,GGTT,,RIF,1497163,1497804,-,,ABC806_RS07800,
NZ_CP155539.1,716009,716010,C,T,,VNC,715031,716653,+,,ABC806_RS03780,A327V
NZ_CP155539.1,1154961,1154962,C,"T,A",,VNC,1153847,1155076,-,,ABC806_RS05970,"E39K, E39*"
NZ_CP155539.1,1334079,1334080,A,G,,VNC,1334078,1334425,-,ssrA,ABC806_RS06925,L116L
NZ_CP155539.1,1832036,1832037,G,A,,VNC,1831718,1832353,-,cps4E,ABC806_RS09395,S106F
NZ_CP155539.1,2026741,2026742,G,"T,A",,VNC,2025925,2026935,-,tsaD,ABC806_RS10420,"A65E, A65V"
NZ_CP155539.1,30694,30695,A,C,,CIP,,,,,,
NZ_CP155539.1,605908,605909,C,"A,T",,CIP,,,,,,
NZ_CP155539.1,759929,759930,T,"A,C",,CIP,,,,,,
NZ_CP155539.1,928585,928586,T,C,,CIP,,,,,,
NZ_CP155539.1,1066201,1066202,A,T,,CIP,,,,,,
NZ_CP155539.1,1302052,1302053,C,T,,CIP,,,,,,
NZ_CP155539.1,1412529,1412530,A,G,,CIP,,,,,,
NZ_CP155539.1,1651323,1651324,T,"TA,TAA",,CIP,,,,,,
NZ_CP155539.1,293351,293352,A,G,,KAN,,,,,,
NZ_CP155539.1,347082,347083,CA,C,,KAN,,,,,,
NZ_CP155539.1,1040715,1040716,T,C,,KAN,,,,,,
NZ_CP155539.1,1909366,1909367,G,A,,KAN,,,,,,
NZ_CP155539.1,2092163,2092164,A,C,,KAN,,,,,,
NZ_CP155539.1,701248,701249,T,A,,PEN,,,,,,
NZ_CP155539.1,1883376,1883377,TA,T,,PEN,,,,,,
NZ_CP155539.1,1883377,1883378,A,C,,PEN,,,,,,
NZ_CP155539.1,8341,8342,A,C,,RIF,,,,,,
NZ_CP155539.1,36738,36739,T,TG,,RIF,,,,,,
NZ_CP155539.1,454312,454313,C,T,,RIF,,,,,,
NZ_CP155539.1,825583,825584,T,A,,RIF,,,,,,
NZ_CP155539.1,1010779,1010780,T,A,,RIF,,,,,,
NZ_CP155539.1,1072639,1072640,G,T,,RIF,,,,,,
NZ_CP155539.1,1118047,1118048,C,T,,RIF,,,,,,
NZ_CP155539.1,1199804,1199805,A,C,,RIF,,,,,,
NZ_CP155539.1,1386840,1386841,C,CT,,RIF,,,,,,
NZ_CP155539.1,1500530,1500531,C,A,,RIF,,,,,,
NZ_CP155539.1,1621060,1621061,C,"T,A",,RIF,,,,,,
NZ_CP155539.1,1651323,1651324,T,TA,,RIF,,,,,,
NZ_CP155539.1,1883377,1883378,A,"C,T",,RIF,,,,,,
NZ_CP155539.1,1928961,1928962,A,T,,RIF,,,,,,
NZ_CP155539.1,1946422,1946423,A,T,,RIF,,,,,,
NZ_CP155539.1,2025766,2025767,T,C,,RIF,,,,,,
NZ_CP155539.1,521717,521718,G,A,,VNC,,,,,,
NZ_CP155539.1,668413,668414,T,A,,VNC,,,,,,
NZ_CP155539.1,1093201,1093202,T,TC,,VNC,,,,,,
NZ_CP155539.1,1500530,1500531,C,A,,VNC,,,,,,
